"Id";"Designator";"Footprint";"Quantity";"Designation";"Supplier and ref";
1;"J1";"JST_XH_B4B-XH-A_1x04_P2.50mm_Vertical";1;"Conn_01x04_Male";;;
2;"R5";"R_0603_1608Metric_Pad0.98x0.95mm_HandSolder";1;"10K";;;
3;"R4,R3,R2";"R_0603_1608Metric_Pad0.98x0.95mm_HandSolder";3;"220";;;
4;"R1";"R_0603_1608Metric_Pad0.98x0.95mm_HandSolder";1;"1K";;;
5;"J3";"USB_Micro-B_Amphenol_10118194_Horizontal";1;"USB";;;
6;"D3,D2,D1";"LED_0603_1608Metric_Pad1.05x0.95mm_HandSolder";3;"LED";;;
7;"C4,C1";"C_0603_1608Metric_Pad1.08x0.95mm_HandSolder";2;"0.1uF";;;
8;"C3";"C_0603_1608Metric_Pad1.08x0.95mm_HandSolder";1;"1uF";;;
9;"C2";"C_0603_1608Metric_Pad1.08x0.95mm_HandSolder";1;"10uF";;;
10;"DHT1";"Aosong_DHT11_5.5x12.0_P2.54mm";1;"DHT11";;;
11;"U1";"SOT-223-3_TabPin2";1;"LD33V";;;
12;"ESP1";"ESP32-WROOM";1;"ESP32-WROOM";;;
13;"J2";"JST_XH_B2B-XH-A_1x02_P2.50mm_Vertical";1;"PWR";;;
